AGE_IN_DAYS_AT_FOLLOWUP	PROGRESSION_OR_RECURRENCE	DISEASE_RESPONSE	ECOG_PERFORMANCE_STATUS	MENOPAUSE_STATUS	AGE_IN_DAYS_AT_PROGRESSION_OR_RECURRENCE	PROGRESSION_OR_RECURRENCE_ANATOMIC_SITE_UBERON_CODE	PROGRESSION_OR_RECURRENCE_TYPE	EVIDENCE_OF_RECURRENCE_TYPE
18250	No	Complete Response	0	Postmenopausal		[]		
21900	Yes	Progressive Disease	2	Premenopausal	22100	UBERON:0002048	Distant	Biopsy with Histologic Confirmation
15330	Unknown	Stable Disease	1	Not Reported	-1			
9125	yes	Partial Response	3	Perimenopausal				
22800	Yes	No Response	4	Menopausal		UBERON:0001155	Local	Convincing Image (i.e. CT/PET/MRI)
-500	No	Not Evaluable	0	Unknown		[]		
18000	No	 Complete Response	1	Postmenopausal		[]		
20500	Yes	Progressive Disease	6	Premenopausal	20700	UBERON:0002113	Regional	Positive Biomarkers
16425	Not Reported	Persistent Disease	2	Not Applicable	-1			
19800	Yes	Complete Response	1	Postmenopausal	19500	UBERON:0000310;UBERON:0002107	Locoregional	Biopsy with Histologic Confirmation
14600	No	No Evidence of Disease	0	Premenopausal/Perimenopausal		[]		
	No	Stable Disease	1	Postmenopausal		[]		
17520	Censored	Not Applicable	3	Postmenopausal (>12 mo since LMP with no prior ovariectomy)	-1			
23000	Yes	Progressive Disease	2	Menopausal	21000	UBERON:0002097	biochemical	Convincing Image (i.e. CT/PET/MRI)
18900	No	complete response	0	Not Reported		[]		
20100	Yes	Progressive Disease	1	Premenopausal	20200		Distant	Biopsy with Histologic Confirmation
19200	Not Allowed to Collect	Unknown	5	Unknown	-1			
21000	Yes	Progressive Disease	2	Postmenopausal	21100	UBERON:0001630	Distant	Biopsy
16800	No	Stable Disease	0	Premenopausal				
22500	Yes	No Response	3	Menopausal	22600	UBERON:0002082	Local	Convincing Image (i.e. CT/PET/MRI)
