ETHNIC_GROUP	GENDER_IDENTITY	SEX	RACE
Hispanic or Latino	Female	Female	White
Not Hispanic or Latino	Male	Male	Asian
Hispanic or Latino	Female	Female	Black or African American
Not Hispanic or Latino	Male	Male	White
Hispanic or Latino	Female	Female	Asian
Not Hispanic or Latino	Male	Male	White
Hispanic or Latino	Male	Male	Black or African American
Not Hispanic or Latino	Female	Female	Asian
Hispanic or Latino	Female	Female	White
Not Hispanic or Latino	Male	Male	White
Not Hispanic or Latino	Male	Male	White
Not Hispanic or Latino	Male	Male	Asian
Not Reported	Not Reported	Not Reported	Not Reported
Not Hispanic or Latino	Male	Male	Asian
Not Hispanic or Latino	Male	Male	Not Reported
Not Reported	Unknown	Unknown	Not Reported
Not Hispanic or Latino	Male	Male	Black or African American
Not Hispanic or Latino	Female	Female	Native Hawaiian or Other Pacific Islander
Hispanic or Latino	Other	Other	Native Hawaiian or Other Pacific Islander
Not Hispanic or Latino	Other	Female	White
Hispanic or Latino	Female	Female	American Indian or Alaska Native
Not Allowed To Collect	Not Reported	Not Reported	Not Allowed To Collect
Unknown	Unknown	Unknown	Unknown
Not Hispanic or Latino	Male	Male	Black or African American
Hispanic or Latino	Female	Female	White
