SMOKING_HISTORY	ALCOHOL_HISTORY_INDICATOR	ENVIRONMENTAL_EXPOSURE	PACK_YEARS_SMOKED	YEARS_SMOKED	ENVIRONMENTAL_EXPOSURE_TYPE
Never Smoker	Yes	No			
Current smoker	No	Yes			Asbestos Exposure
Former Smoker	Unknown	Not Reported	25	15	
current smoker	yes	no	10	5	
Current Every-Day Smoker	Not reported	Unknown			
Never Smoker	 Yes	No			
Current Some-Day Smoker	Refused	Yes		8	Chemical Exposure|Radiation Exposure
Former smoker	Not applicable	No	40	20	
	Yes	No			
Never Smoker		Unknown			
Current smoker	Yes	no	-5	3	
Never Smoker	Yes	Yes			
Current Every-Day Smoker	No	Not Reported	15.5		
Former Smoker	Unknown	No	abc	25	
Never Smoker	Yes	No			Smoke Exposure
Current Some-Day Smoker	Data not available	Yes	12	10	Wood Dust Exposure|Radon Exposure
Non-smoker	Pending	Unknown			
Former Smoker	Yes	Yes	30	18	
Current smoker	No	Yes	20	15	Marijuana Smoke Exposure|Tobacco Related Exposure
Never Smoker	Not Reported	No			
