ACQUISITION_METHOD_OTHER_SPECIFY	ACQUISITION_METHOD_TYPE	ADJACENT_BIOSPECIMEN_IDS	AGE_IN_DAYS_AT_SECTIONING	AGE_IN_DAYS_AT_SPECIMEN_COLLECTION	AGE_IN_DAYS_AT_SPECIMEN_PROCESSING	ANALYTE_TYPE	BIOSPECIMEN_TYPE	DEGREE_OF_DYSPLASIA	FIXATION_DURATION_IN_MINUTES	HTAN_BIOSPECIMEN_ID	HTAN_PARENT_ID	ICD_10_DISEASE_CODE	ICD_O_3_TISSUE_MORPHOLOGY	LONGEST_DIMENSION	PERCENT_NECROSIS	PERCENT_NORMAL_CELLS	PERCENT_TUMOR_CELLS	PERCENT_TUMOR_NUCLEI	PRESERVATION_MEDIUM	PRESERVATION_METHOD	PRESERVATION_METHOD_TEMPERATURE	SECTION_NUMBER_IN_SEQUENCE	SECTION_THICKNESS_VALUE	SHIPPING_CONDITION_TYPE	SHORTEST_DIMENSION	SITE_OF_RESECTION_OR_BIOPSY	SLICING_METHOD	SLIDE_CHARGE_TYPE	SPECIMEN_CELLULAR_ARCHITECTURE	SPECIMEN_LATERALITY	TIMEPOINT	TISSUE_SAMPLE_TYPE	TUMOR_CLASSIFICATION
Custom method described in protocol	Autopsy	HTA229_0000_B59,HTA216_0000_B610,HTA202_EXT692_B123		24836	29819		Cells	1		HTA229_0000_B417	HTA215_EXT493	Z13.31			74				Paraffin Block	Fresh Dissociated	Not Reported			Other shipping environment	470.8	UBERON:0010398	Sliding microtome		Unknown	Not Reported		Tissue Section	
Custom method described in protocol	Biopsy			8352	2614		Sputum	2	2608	HTA203_0000_B559	HTA201_48394		9698/3			22		42	Glutaraldehyde	Fresh Dissociated and Single Cell Sorted	-80 Degrees C			Cold Pack	368.31	UBERON:0006878	Unknown		Unknown	Not Specified	Cycle 31	Tissue Block	
	Core needle biopsy	HTA227_0000_B444	28074	20384	20444	Not Reported	Cells			HTA214_EXT717_B172	HTA219_98033_B839		9749/1	317.83		46			OCT	Not Reported	Ambient Temperature			Ice Pack		UBERON:0038093	Other	Unknown	Unknown	Bilateral			
	Punch biopsy			32166	19283		Tissue			HTA216_0000_B248	HTA223_64039				40	58		92	OCT	Fresh	-80 Degrees C	35	5	Unknown	153.38	UBERON:0000484	Cryosectioning		Not Reported	left	4-5 Years	Tissue Block	Not Applicable
	Not specified			12912	21639		Urine	99		HTA203_0000_B261	HTA201_0000	T24.429			95		22	86	Not Applicable	Not Reported	-20 Degrees C	1	10	Liquid Nitrogen		UBERON:0011964			Unknown	Left	Cycle 3 or 3 months	Tissue Section	
	Forceps Biopsy	HTA205_0000_B896,HTA229_58083_B101		26677	28249	Nucleic RNA	Tissue			HTA221_28081_B136	HTA223_74848_B804		9805/3		83		6		Paraffin Block	Fresh Dissociated and Single Cell Sorted	Ambient Temperature		4	Ambient Pack		UBERON:0002200		Uncharged	Precancerous	Left	4 weeks	Tissue Section	Synchronous Primary
Institutional protocol variant	Core needle biopsy		1276	752	22293	mRNA	Urine		8689	HTA225_55334_B66	HTA212_EXT391	S46.29-		381.28					Liquid Nitrogen Vapor	Cytospin Slide	Ambient Temperature		8	Other shipping environment		UBERON:8410022	Other		Normal	Not Reported	0-6 hr		
	Lymphadenectomy (regional nodes)			26290	20622		RNA	2	2621	HTA229_90199_B225	HTA221_0000		9993/3	498.66			80	19	TRIzol	Fresh	Ambient Temperature			Other shipping environment	246.81	UBERON:0001733	Vibratome		Unknown	Not Applicable		Tissue Block	Not Reported
Custom method described in protocol	Surgical Resection			5697	1952		Urine			HTA220_3279_B282	HTA207_18290_B759	H66.2-	9940/3	77.82			97	43	Glutaraldehyde	Cytospin Slide	-80 Degrees C			Unknown	379.43	UBERON:0011611		Unknown	Tumor	Bilateral		Tissue Section	
	Unknown	HTA205_0000_B3		27274	34247	Unknown	Bone Marrow			HTA218_0000_B156	HTA204_EXT831_B255	S12.450		235.01	4			10	RNALater	Fresh Dissociated and Single Cell Sorted into Plates	Not Applicable			Unknown	344.72	UBERON:2000391	Tissue molds		Not Reported	Invalid Option			
	Lymphadenectomy (regional nodes)	HTA223_72310_B438		8800	36256		Bone Marrow			HTA219_85718_B9	HTA221_EXT837	D27.-		166.84	35				Liquid Nitrogen	Fixation	25 Degrees C	82	5	Ice Pack	280.5	UBERON:0002558	Sectioning	Charged	Tumor	Left		Tissue Section	
	Forceps Biopsy			4080	1280		Sputum			HTA212_20029_B220	HTA202_EXT425	S31.109	9724/3	362.12			62	3	OCT	Unknown	Not Applicable	52		Not recorded	194.49	UBERON:0011565		Unknown	Mixed	Right			
	Lymphadenectomy (regional nodes)		16009	15642	19660	Not Reported	RNA	3		HTA219_54949_B598	HTA218_EXT536_B734	H59.36-		416.89					Not Applicable	Frozen	-20 Degrees C		7	Other shipping environment	184.83	UBERON:0010577	Other		Mixed	Midline			
Institutional protocol variant	Punch biopsy		18105	31686	21122		Urine			HTA222_0000_B752	HTA216_EXT989		9765/1		33		45		Isopentane	Unknown	-20 Degrees C	36		 Other shipping environment		UBERON:0012174	Sliding microtome		Not Reported	Not Reported	One year follow-up		
	Punch biopsy		9884	20794	35905		Urine			HTA201_0000_B468	HTA204_60902		9716/3	135.93		29			Formalin Fixed Tissue	Frozen	Not Applicable	70	6	Liquid Nitrogen		UBERON:2000833		Not applicable	Precancerous	Right	3 Months After Visit 2		Not Applicable
Institutional protocol variant	Autopsy			14609	26113	Unknown	DNA		8379	HTA227_0000_B837	HTA229_EXT472			303.14	44		13		Liquid Nitrogen	Fresh Dissociated and Single Cell Sorted	-20 Degrees C		4	Not recorded	298.33	UBERON:2005259		Not recorded	Not Reported	Not Applicable			
Custom method described in protocol	Incisional Biopsy			19414	19809	cfDNA	Central Nervous System	2		HTA223_36242_B604	HTA224_EXT538		9769/1						Formalin Fixed - Unbuffered	Cryopreserved	25 Degrees C	33		Ambient Pack	220.29	UBERON:0009471	Unknown	Charged	Mixed	Midline		Tissue Block	
	Core needle biopsy	HTA226_EXT374_B364,HTA206_34994_B960,HTA221_9359_B651	16043	35142	36178	cfDNA	Stool			HTA210_EXT105_B100	HTA211_45083_B45		9860/3	135.05			48		Not Reported	Fresh Dissociated	Unknown			Cold Pack		UBERON:0010069			Normal	Left	34 months	Tissue Block	
	Sentinel node biopsy			22274	18536		Sputum	3		HTA206_78562_B765	HTA228_EXT140				73	30	29		Liquid Nitrogen Vapor 	Refrigerated Vacuum Chamber	Unknown	90		Other shipping environment	434.81	UBERON:0005808		Charged	Tumor	Bilateral	Cycle 32	Tissue Section	
	Excisional Biopsy	HTA207_9306_B647,HTA201_0000_B881,HTA210_0000_B286		34911	36031		Body Fluid or Substance			HTA203_EXT952_B246	HTA201_0000_B498	L89.5-				75	2		Liquid Nitrogen	Fixation	Not Reported		8	Not shipped	112.43	UBERON:0002787			Tumor	Unknown		Tissue Block	Prior Primary
	Core needle biopsy			27861	9764	Not Reported	Central Nervous System	3		HTA222_EXT290_B73	HTA221_34676						150		Formalin Fixed - Unbuffered	Fresh Dissociated	-20 Degrees C			Dry Ice		UBERON:0034931	Not Reported	Other (specify)	Mixed	Not Applicable		Tissue Block	Recurrent
Special handling per PI request	Re-excision	HTA212_19343_B705,HTA200_0000_B798	11526	33500	18598		Central Nervous System	2		HTA209_EXT294_B805	HTA218_EXT622_B453	T85.521	9709/3						Not Applicable	Not Applicable	-20 Degrees C	29		Liquid Nitrogen		UBERON:0003592			Normal	Left		Tissue Section	Progression
	Fine needle aspirate			-100	18229	DNA	Mouth Rinse	3	7451	HTA200_30006_B857	HTA227_0000				97	84		51	Paraffin Block	Fixation	Not Applicable	33		Other shipping environment		UBERON:0014595		Charged	Mixed	Unknown	G	Tissue Section	
Modified standard procedure	Fine needle aspirate	HTA219_0000_B485	2033	30257	24844	Not Reported	Cell Line			HTA219_EXT547_B607	HTA218_0000			34.4		85	83	83	Glutaraldehyde	Fresh Dissociated and Single Cell Sorted		32		Not recorded		UBERON:0001469			Not Reported	Not Reported		Tissue Block	
Custom method described in protocol	Biopsy	HTA216_EXT723_B855,HTA215_EXT484_B565		28969	35993	Protein	Tissue		2522	HTA227_151_B891	HTA217_0000_B371		9840/3					91	Liquid Nitrogen Vapor	Fixation	Not Applicable			Other shipping environment		UBERON:0004384 	Cryosectioning	Other (specify)	Unknown	Not Reported		Tissue Section	
