AGE_IN_DAYS_AT_DIAGNOSIS	AGE_IN_DAYS_AT_LAST_KNOWN_DISEASE_STATUS	AJCC_STAGING_SYSTEM_EDITION	CLINICAL_M_STAGE	CLINICAL_N_STAGE	CLINICAL_T_STAGE	LAST_KNOWN_DISEASE_STATUS	METASTASIS_AT_DIAGNOSIS	METHOD_OF_DIAGNOSIS	PRIMARY_DIAGNOSIS_NCI_THESAURUS_ID	TISSUE_OR_ORGAN_OF_ORIGIN_UBERON_CODE	TUMOR_CLASSIFICATION_CATEGORY	TUMOR_GRADE
18250	18500	7th	M0	N1	T2	Tumor Free	Non-metastatic (confirmed)	Biopsy	C4908	UBERON:0000992	Primary	G2 Intermediate Grade
21900	22000	8th	M1a	N2a	T3a	With Tumor	Metastatic	Surgical Resection	C9132	UBERON:0002097	Metastatic	G3 High Grade
-1	15000	6th	MX	N0	T1	Unknown	Unknown	Fine Needle Aspiration	C3493	UBERON:0001255	Primary	Not Reported
25550	25600	7th	M0	N1b	T2a	Tumor Free	Non-metastatic (unconfirmed)	Core Biopsy	C7377	UBERON:0000310	Recurrent	G1 Low Grade
16425	16800	5th	M1	N3	T4	With Tumor	Metastatic	Histopathology	C3058	UBERON:0001153	Primary	G4 Anaplastic
22500	23000	8th	M0	N2b	T3b	Tumor Free	Non-metastatic (confirmed)	Excisional Biopsy	C8294	UBERON:0002113	Primary	G2 Intermediate Grade
19800	20100	8th	M1b	N1a	T2b	With Tumor	Metastatic	Biopsy	C4872	UBERON:0001043	Metastatic	G3 High Grade
18000	18200	7th	M0	N0	T1a	Tumor Free	Non-metastatic (confirmed)	Incisional Biopsy	C3512	UBERON:0000955	Primary	G1 Low Grade
-1	14500	6th	MX	NX	TX	Not Reported	Unknown	Not Reported	C9133	UBERON:0001264	Unknown	GX Grade Cannot Be Assessed
23000	23500	8th	M1c	N2c	T4a	Distant Metastasis	Metastatic	Imaging Technique	C3510	UBERON:0002048	Metastatic	G3 High Grade
20500	-1	7th	M0	N1	T2	Tumor Free	Non-metastatic (confirmed)	Biopsy	C4910	UBERON:0001255	Primary	G2 Intermediate Grade
17300	17800	7th	M0	N1c	T1b	Tumor Free	Non-metastatic (confirmed)	Core Biopsy	C7431	UBERON:0000473	Primary	G1 Low Grade
19500	19700	8th	M0	N0	T1	Tumor Free	Non-metastatic (confirmed)	Surgical Resection	C3493	UBERON:0001043	Primary	G2 Intermediate Grade
24000	24200	7th	M0	N2	T3	With Tumor	Non-metastatic (confirmed)	Biopsy	C4908	UBERON:0002097	Primary	G2 Intermediate Grade
21000	21500	7th	M0	N1	T2	Tumor Free	Non-metastatic (confirmed)	Biopsy	C4908	UBERON:0001255	Primary	G2 Intermediate Grade
18500	18700	7th	M0	N1	T2	Tumor Free	Non-metastatic (confirmed)	Biopsy	C7377	UBERON:0000310	Primary	G2 Intermediate Grade
22000	22300	7th	M0	N1	T2	Tumor Free	Non-metastatic (confirmed)	Biopsy	C4908	UBERON:0001255	Primary	G2 Intermediate Grade
19000	19200	7th	M0	N1	T2	Tumor Free	Non-metastatic (confirmed)	Biopsy	C9132	UBERON:0002097	Primary	G2 Intermediate Grade
20000	20300	7th	M0	N1	T2	Tumor Free	Non-metastatic (confirmed)	Biopsy	C3493	UBERON:0001043	Primary	G2 Intermediate Grade
17500	17800	7th	M0	N1	T2	Tumor Free	Non-metastatic (confirmed)	Biopsy	C4872	UBERON:0000955	Primary	G2 Intermediate Grade
21500	21700	7th	M0	N1	T2	Tumor Free	Metastatic	Biopsy	C8294	UBERON:0001264	Primary	G2 Intermediate Grade
19200	19400	7th	M0	N1	T2	Tumor Free	Non-metastatic (confirmed)	Surgical Resection	C3512	UBERON:0002048	Primary	G2 Intermediate Grade
18800	19000	7th	M0	N1	T2	Tumor Free	Non-metastatic (confirmed)	Biopsy	C3510	UBERON:0001153	Primary	G2 Intermediate Grade
20200	20400	7th	M0	N1	T2	Tumor Free	Non-metastatic (confirmed)	Biopsy	C4910	UBERON:0002113	Primary	G2 Intermediate Grade
23500	23800	7th	M0	N1	T2	Tumor Free	Non-metastatic (confirmed)	Biopsy	C7431	UBERON:0000992	Primary	G2 Intermediate Grade
22500	-1	7th	M0	N1	T2	Tumor Free	Non-metastatic (confirmed)	Biopsy	C3493	UBERON:0001255	Primary	G2 Intermediate Grade
-1	19500	7th	M0	N1	T2	Tumor Free	Non-metastatic (confirmed)	Biopsy	C4908	UBERON:0000310	Primary	G2 Intermediate Grade
16000	16200	7th	M0	N1	T2	Tumor Free	Non-metastatic (confirmed)	Biopsy	C9132	UBERON:0002097	Primary	G2 Intermediate Grade
17000	17200	7th	M0	N1	T2	Tumor Free	Non-metastatic (confirmed)	Biopsy	C7377	UBERON:0001043	Primary	G2 Intermediate Grade
18200	18400	7th	M0	N1	T2	Tumor Free	Non-metastatic (confirmed)	Biopsy	C3058	UBERON:0000955	Primary	G2 Intermediate Grade
